{"cameraMode":{"drawMode":0,"name":"Shaded","section":"Shading Mode"},"sceneLighting":true,"audioPlay":false,"sceneViewState":{"showFog":false,"showMaterialUpdate":false,"showSkybox":false,"showFlares":false,"showImageEffects":false,"showParticleSystems":false},"in2DMode":false,"pivot":{"x":471.9586181640625,"y":191.07286071777345,"z":-60.22820281982422},"rotation":{"x":0.01168612577021122,"y":0.026092663407325746,"z":0.0003053382388316095,"w":-0.9995921850204468},"size":230.045166015625,"orthographic":true}